tier,human_share,ai_share
0,0.1066098081023454,0.3143483023001095
1,0.767590618336887,0.5695509309967142
2,0.0948827292110874,0.0985761226725082
3,0.0309168443496801,0.0175246440306681
