side,distinct_types,total_tokens,top10_share,gini
human,204,938,0.4232409381663113,0.6216919603662361
ai,117,913,0.52026286966046,0.6827122007844899
